id,first_name,last_name,email,gender,ip_address
1,Decca,De la Yglesia,ddelayglesia0@virginia.edu,Genderqueer,197.140.206.206
2,Kippar,Ryding,kryding1@japanpost.jp,Genderfluid,75.35.132.208
3,Carmine,Cleverley,ccleverley2@amazonaws.com,Genderfluid,242.172.145.21
4,Clarie,Ivanets,civanets3@netvibes.com,Genderqueer,206.197.71.51
5,Robinson,Hotton,rhotton4@statcounter.com,Polygender,183.121.167.154
6,Nina,Phoenix,nphoenix5@vimeo.com,Non-binary,236.230.220.108
7,Kelby,Christophe,kchristophe6@npr.org,Bigender,215.134.242.194
8,Jeremy,Bolduc,jbolduc7@census.gov,Genderqueer,24.153.153.13
9,Fleurette,Dog,fdog8@harvard.edu,Female,27.215.205.201
10,Silvia,Colchett,scolchett9@bizjournals.com,Polygender,145.204.254.45
11,Conchita,Rowney,crowneya@flavors.me,Genderfluid,245.173.89.102
12,Brantley,Lembke,blembkeb@addthis.com,Agender,65.224.123.174
13,Tore,Bordman,tbordmanc@indiatimes.com,Bigender,204.173.120.219
14,Jacklyn,Dummett,jdummettd@wunderground.com,Female,79.40.54.193
15,Sorcha,Holah,sholahe@berkeley.edu,Non-binary,14.42.27.226
16,Adey,Antyukhin,aantyukhinf@reuters.com,Polygender,99.36.54.89
17,Raven,Channing,rchanningg@thetimes.co.uk,Male,170.73.98.193
18,Kordula,Millberg,kmillbergh@washington.edu,Male,64.13.198.200
19,Tabbi,Le Gassick,tlegassicki@nytimes.com,Polygender,138.181.143.70
20,Randi,Churchward,rchurchwardj@xrea.com,Bigender,206.124.113.221
21,Wanids,Mc Combe,wmccombek@gravatar.com,Male,236.13.104.89
22,Hilly,Frain,hfrainl@rambler.ru,Bigender,22.160.65.248
23,Carmelina,O'Day,codaym@tinyurl.com,Male,82.165.150.9
24,Emmanuel,Dunnion,edunnionn@narod.ru,Agender,193.236.213.33
25,Muffin,Ayerst,mayersto@ezinearticles.com,Non-binary,41.205.204.127
26,Debra,Bugbird,dbugbirdp@delicious.com,Male,213.93.200.145
27,Esta,Tooker,etookerq@geocities.jp,Non-binary,71.91.65.155
28,Andree,Mouatt,amouattr@ucsd.edu,Genderqueer,222.69.179.141
29,Darn,Greenway,dgreenways@china.com.cn,Bigender,34.229.172.97
30,Hercule,Guesford,hguesfordt@ucoz.ru,Male,22.212.76.226
31,Kathy,Lantoph,klantophu@blinklist.com,Bigender,227.221.139.254
32,Pier,Danton,pdantonv@forbes.com,Non-binary,157.163.220.77
33,Vinni,Dimont,vdimontw@icio.us,Agender,223.67.190.76
34,Marge,Arunowicz,marunowiczx@tinypic.com,Non-binary,190.154.195.26
35,Lynna,Joynt,ljoynty@live.com,Bigender,217.213.109.24
36,Lev,Pyner,lpynerz@quantcast.com,Polygender,200.122.244.24
37,Lon,Concannon,lconcannon10@techcrunch.com,Genderfluid,194.147.54.116
38,Auria,McPartling,amcpartling11@people.com.cn,Polygender,59.47.223.177
39,Jenelle,Caple,jcaple12@macromedia.com,Male,100.84.227.1
40,Gayelord,Gopsill,ggopsill13@ft.com,Female,73.156.244.179
41,Audra,Deniso,adeniso14@shinystat.com,Male,234.140.124.224
42,Ozzie,Blundel,oblundel15@technorati.com,Bigender,240.183.222.104
43,Daren,Willbraham,dwillbraham16@gnu.org,Non-binary,73.142.230.16
44,Glen,Shears,gshears17@gmpg.org,Female,156.4.48.74
45,Linzy,Salazar,lsalazar18@hugedomains.com,Female,148.236.68.216
46,Hoyt,Gerrans,hgerrans19@samsung.com,Agender,204.118.29.68
47,Coletta,La Wille,clawille1a@oracle.com,Female,92.69.121.75
48,Beverlee,Boscher,bboscher1b@reverbnation.com,Non-binary,245.167.25.136
49,Mariya,Purslow,mpurslow1c@earthlink.net,Agender,243.77.9.80
50,Roby,Noddings,rnoddings1d@yelp.com,Genderqueer,201.116.97.23
51,Vivian,Espinay,vespinay1e@psu.edu,Genderqueer,19.107.231.207
52,Dom,Kovnot,dkovnot1f@yandex.ru,Non-binary,202.84.30.133
53,Trace,Spellworth,tspellworth1g@reuters.com,Genderfluid,109.71.121.193
54,Si,Galgey,sgalgey1h@ibm.com,Genderfluid,94.165.131.106
55,Shalne,Pitrasso,spitrasso1i@pen.io,Genderqueer,71.143.10.178
56,Bernadina,Conrart,bconrart1j@techcrunch.com,Bigender,204.31.134.175
57,Iolanthe,Caves,icaves1k@cnbc.com,Genderqueer,79.49.223.77
58,Mariejeanne,Skelding,mskelding1l@fotki.com,Bigender,11.159.81.163
59,Gina,Gaynesford,ggaynesford1m@prweb.com,Female,34.24.138.62
60,Rodge,Teacy,rteacy1n@vk.com,Female,237.141.115.168
61,Velma,Ladley,vladley1o@goo.gl,Agender,119.134.17.237
62,Tiler,Possel,tpossel1p@com.com,Polygender,77.74.167.43
63,Aliza,Brame,abrame1q@oakley.com,Polygender,157.26.18.224
64,Micky,Jehan,mjehan1r@list-manage.com,Polygender,116.32.112.192
65,Jaquelyn,Heam,jheam1s@clickbank.net,Polygender,106.205.116.8
66,Atalanta,Peebles,apeebles1t@google.es,Non-binary,183.190.11.239
67,Kiel,Dzenisenka,kdzenisenka1u@sakura.ne.jp,Agender,5.163.240.17
68,Didi,Jerromes,djerromes1v@ifeng.com,Bigender,50.1.154.82
69,Juanita,Rodgman,jrodgman1w@woothemes.com,Polygender,173.50.230.111
70,Karlik,Duchart,kduchart1x@aboutads.info,Bigender,213.63.23.27
71,Sinclair,Laroux,slaroux1y@parallels.com,Male,169.18.160.164
72,Ara,Druhan,adruhan1z@accuweather.com,Male,122.238.189.6
73,Melinda,Annesley,mannesley20@nih.gov,Female,122.82.42.17
74,Rubia,Falconbridge,rfalconbridge21@shop-pro.jp,Bigender,202.30.148.32
75,Alane,Wilcot,awilcot22@dedecms.com,Female,20.74.240.151
76,Henryetta,Grennan,hgrennan23@bbb.org,Polygender,210.68.151.10
77,Carly,Bourthouloume,cbourthouloume24@phpbb.com,Polygender,116.70.84.22
78,Leontyne,Jekel,ljekel25@archive.org,Genderfluid,10.17.47.20
79,Shamus,Ibarra,sibarra26@amazon.de,Genderfluid,11.91.33.110
80,Hasty,Huske,hhuske27@lulu.com,Polygender,212.37.49.15
81,Nissy,Bourtoumieux,nbourtoumieux28@indiegogo.com,Non-binary,112.78.55.183
82,Sianna,Parratt,sparratt29@google.com.hk,Polygender,15.72.128.6
83,Lulita,Probey,lprobey2a@ucoz.ru,Genderfluid,60.7.58.60
84,Lovell,Hamflett,lhamflett2b@gmpg.org,Genderqueer,63.69.254.51
85,Sonnie,Brouwer,sbrouwer2c@howstuffworks.com,Genderfluid,98.150.239.215
86,Ardenia,Gascoyen,agascoyen2d@woothemes.com,Male,28.56.105.104
87,Raynard,Danielkiewicz,rdanielkiewicz2e@tripod.com,Polygender,187.165.248.6
88,Roddie,Wadman,rwadman2f@stumbleupon.com,Agender,129.154.214.204
89,Christel,Willows,cwillows2g@newyorker.com,Polygender,113.209.55.168
90,Shandeigh,Boncore,sboncore2h@google.fr,Non-binary,250.95.50.93
91,Maje,Gotmann,mgotmann2i@issuu.com,Male,129.44.190.227
92,Katherina,Pfeifer,kpfeifer2j@posterous.com,Bigender,117.75.196.80
93,Jany,Sallarie,jsallarie2k@mapquest.com,Female,116.130.8.247
94,Berne,Dumbleton,bdumbleton2l@facebook.com,Male,2.154.110.208
95,Cyrillus,Suttill,csuttill2m@yahoo.com,Male,209.16.164.54
96,Simone,Surcomb,ssurcomb2n@jigsy.com,Male,83.59.24.83
97,Britni,Cantero,bcantero2o@guardian.co.uk,Polygender,151.2.246.253
98,Ethelda,Guilder,eguilder2p@bloomberg.com,Agender,134.111.71.189
99,Duncan,Dorr,ddorr2q@examiner.com,Male,29.31.240.25
100,Lucius,Forsey,lforsey2r@hatena.ne.jp,Genderqueer,186.45.214.124
